<?xml version="1.0" encoding="UTF-8" standalone="yes"?>
<ns2:ExportManifest xmlns:ns2="http://www.pentaho.com/schema/">
    <ExportManifestInformation exportDate="15-12-2015 05:01:07 CET" exportBy="admin" rootFolder="/public/SIRED/" manifestVersion="2"/>
    <ExportManifestEntity path="Dashboard">
        <ExportManifestProperty>
            <EntityMetaData name="Dashboard" createdDate="2015-12-14T11:11:55.382+01:00" isFolder="true" path="Dashboard" isHidden="false" locale="en_US" title="Dashboard"/>
        </ExportManifestProperty>
        <ExportManifestProperty>
            <EntityAcl>
                <entriesInheriting>true</entriesInheriting>
                <owner>admin</owner>
                <ownerType>USER</ownerType>
            </EntityAcl>
        </ExportManifestProperty>
    </ExportManifestEntity>
    <ExportManifestEntity path="Dashboard/dashboard_cittadino.cda">
        <ExportManifestProperty>
            <EntityMetaData name="dashboard_cittadino.cda" createdDate="2015-12-14T11:11:55.404+01:00" isFolder="false" path="Dashboard/dashboard_cittadino.cda" isHidden="true" locale="en_US" title="dashboard_cittadino"/>
        </ExportManifestProperty>
        <ExportManifestProperty>
            <EntityAcl>
                <entriesInheriting>true</entriesInheriting>
                <owner>admin</owner>
                <ownerType>USER</ownerType>
            </EntityAcl>
        </ExportManifestProperty>
    </ExportManifestEntity>
    <ExportManifestEntity path="Dashboard/dashboard_cittadino.cdfde">
        <ExportManifestProperty>
            <EntityMetaData name="dashboard_cittadino.cdfde" createdDate="2015-12-14T11:11:55.566+01:00" isFolder="false" path="Dashboard/dashboard_cittadino.cdfde" isHidden="true" locale="en_US" title="dashboard_cittadino"/>
        </ExportManifestProperty>
        <ExportManifestProperty>
            <EntityAcl>
                <entriesInheriting>true</entriesInheriting>
                <owner>admin</owner>
                <ownerType>USER</ownerType>
            </EntityAcl>
        </ExportManifestProperty>
    </ExportManifestEntity>
    <ExportManifestEntity path="Dashboard/dashboard_cittadino.wcdf">
        <ExportManifestProperty>
            <EntityMetaData name="dashboard_cittadino.wcdf" createdDate="2015-12-14T11:11:55.722+01:00" isFolder="false" path="Dashboard/dashboard_cittadino.wcdf" isHidden="false" locale="en_US" title="dashboard_cittadino"/>
        </ExportManifestProperty>
        <ExportManifestProperty>
            <EntityAcl>
                <entriesInheriting>true</entriesInheriting>
                <owner>admin</owner>
                <ownerType>USER</ownerType>
            </EntityAcl>
        </ExportManifestProperty>
    </ExportManifestEntity>
    <ExportManifestEntity path="Dashboard/dashboard_operatore.cda">
        <ExportManifestProperty>
            <EntityMetaData name="dashboard_operatore.cda" createdDate="2015-12-14T11:11:56.002+01:00" isFolder="false" path="Dashboard/dashboard_operatore.cda" isHidden="true" locale="en_US" title="dashboard_operatore"/>
        </ExportManifestProperty>
        <ExportManifestProperty>
            <EntityAcl>
                <entriesInheriting>true</entriesInheriting>
                <owner>admin</owner>
                <ownerType>USER</ownerType>
            </EntityAcl>
        </ExportManifestProperty>
    </ExportManifestEntity>
    <ExportManifestEntity path="Dashboard/dashboard_operatore.cdfde">
        <ExportManifestProperty>
            <EntityMetaData name="dashboard_operatore.cdfde" createdDate="2015-12-14T11:11:56.168+01:00" isFolder="false" path="Dashboard/dashboard_operatore.cdfde" isHidden="true" locale="en_US" title="dashboard_operatore"/>
        </ExportManifestProperty>
        <ExportManifestProperty>
            <EntityAcl>
                <entriesInheriting>true</entriesInheriting>
                <owner>admin</owner>
                <ownerType>USER</ownerType>
            </EntityAcl>
        </ExportManifestProperty>
    </ExportManifestEntity>
    <ExportManifestEntity path="Dashboard/dashboard_operatore.wcdf">
        <ExportManifestProperty>
            <EntityMetaData name="dashboard_operatore.wcdf" createdDate="2015-12-14T11:11:56.359+01:00" isFolder="false" path="Dashboard/dashboard_operatore.wcdf" isHidden="false" locale="en_US" title="dashboard_operatore"/>
        </ExportManifestProperty>
        <ExportManifestProperty>
            <EntityAcl>
                <entriesInheriting>true</entriesInheriting>
                <owner>admin</owner>
                <ownerType>USER</ownerType>
            </EntityAcl>
        </ExportManifestProperty>
    </ExportManifestEntity>
    <ExportManifestEntity path="Dashboard/index.png">
        <ExportManifestProperty>
            <EntityMetaData name="index.png" createdDate="2015-12-14T11:11:56.558+01:00" isFolder="false" path="Dashboard/index.png" isHidden="true" locale="en_US" title="index"/>
        </ExportManifestProperty>
        <ExportManifestProperty>
            <EntityAcl>
                <entriesInheriting>true</entriesInheriting>
                <owner>admin</owner>
                <ownerType>USER</ownerType>
            </EntityAcl>
        </ExportManifestProperty>
    </ExportManifestEntity>
    <ExportManifestEntity path="Dashboard/legenda-comuni.png">
        <ExportManifestProperty>
            <EntityMetaData name="legenda-comuni.png" createdDate="2015-12-14T11:11:56.744+01:00" isFolder="false" path="Dashboard/legenda-comuni.png" isHidden="true" locale="en_US" title="legenda-comuni"/>
        </ExportManifestProperty>
        <ExportManifestProperty>
            <EntityAcl>
                <entriesInheriting>true</entriesInheriting>
                <owner>admin</owner>
                <ownerType>USER</ownerType>
            </EntityAcl>
        </ExportManifestProperty>
    </ExportManifestEntity>
    <ExportManifestEntity path="Dashboard/legenda-province.png">
        <ExportManifestProperty>
            <EntityMetaData name="legenda-province.png" createdDate="2015-12-14T11:11:56.820+01:00" isFolder="false" path="Dashboard/legenda-province.png" isHidden="true" locale="en_US" title="legenda-province"/>
        </ExportManifestProperty>
        <ExportManifestProperty>
            <EntityAcl>
                <entriesInheriting>true</entriesInheriting>
                <owner>admin</owner>
                <ownerType>USER</ownerType>
            </EntityAcl>
        </ExportManifestProperty>
    </ExportManifestEntity>
    <ExportManifestEntity path="Dashboard/stile.css">
        <ExportManifestProperty>
            <EntityMetaData name="stile.css" createdDate="2015-12-14T11:11:56.906+01:00" isFolder="false" path="Dashboard/stile.css" isHidden="true" locale="en_US" title="stile"/>
        </ExportManifestProperty>
        <ExportManifestProperty>
            <EntityAcl>
                <entriesInheriting>true</entriesInheriting>
                <owner>admin</owner>
                <ownerType>USER</ownerType>
            </EntityAcl>
        </ExportManifestProperty>
    </ExportManifestEntity>
</ns2:ExportManifest>
